<?xml version="1.0" encoding="UTF-8"?>
<!DOCTYPE nmaprun>
<?xml-stylesheet href="file:///usr/bin/../share/nmap/nmap.xsl" type="text/xsl"?>
<!-- Nmap 7.95 scan initiated Tue Sep 30 17:38:46 2025 as: nmap -Pn -T4 -F -sV -oX /app/uploads/nmap_172.17.0.1_20250930T173845.xml 172.17.0.1 -->
<nmaprun scanner="nmap" args="nmap -Pn -T4 -F -sV -oX /app/uploads/nmap_172.17.0.1_20250930T173845.xml 172.17.0.1" start="1759253926" startstr="Tue Sep 30 17:38:46 2025" version="7.95" xmloutputversion="1.05">
<scaninfo type="syn" protocol="tcp" numservices="100" services="7,9,13,21-23,25-26,37,53,79-81,88,106,110-111,113,119,135,139,143-144,179,199,389,427,443-445,465,513-515,543-544,548,554,587,631,646,873,990,993,995,1025-1029,1110,1433,1720,1723,1755,1900,2000-2001,2049,2121,2717,3000,3128,3306,3389,3986,4899,5000,5009,5051,5060,5101,5190,5357,5432,5631,5666,5800,5900,6000-6001,6646,7070,8000,8008-8009,8080-8081,8443,8888,9100,9999-10000,32768,49152-49157"/>
<verbose level="0"/>
<debugging level="0"/>
<hosthint><status state="up" reason="arp-response" reason_ttl="0"/>
<address addr="172.17.0.1" addrtype="ipv4"/>
<address addr="12:2B:9A:1C:52:8F" addrtype="mac"/>
<hostnames>
</hostnames>
</hosthint>
<host starttime="1759253926" endtime="1759254096"><status state="up" reason="arp-response" reason_ttl="0"/>
<address addr="172.17.0.1" addrtype="ipv4"/>
<address addr="12:2B:9A:1C:52:8F" addrtype="mac"/>
<hostnames>
</hostnames>
<ports><extraports state="closed" count="96">
<extrareasons reason="reset" count="96" proto="tcp" ports="7,9,13,22-23,25-26,37,53,79-81,88,106,110-111,113,119,135,139,143-144,179,199,389,427,443-445,465,513-515,543-544,548,554,587,631,646,873,990,993,995,1025-1029,1110,1433,1720,1723,1755,1900,2000-2001,2049,2121,2717,3128,3306,3389,3986,4899,5000,5009,5051,5060,5101,5190,5357,5432,5631,5666,5800,5900,6000-6001,6646,7070,8000,8008-8009,8443,8888,9100,9999-10000,32768,49152-49157"/>
</extraports>
<port protocol="tcp" portid="21"><state state="open" reason="syn-ack" reason_ttl="64"/><service name="ftp" product="vsftpd" version="3.0.2" ostype="Unix" method="probed" conf="10"><cpe>cpe:/a:vsftpd:vsftpd:3.0.2</cpe></service></port>
<port protocol="tcp" portid="3000"><state state="open" reason="syn-ack" reason_ttl="64"/><service name="ppp" servicefp="SF-Port3000-TCP:V=7.95%I=7%D=9/30%Time=68DC15B1%P=x86_64-pc-linux-gnu%r(GetRequest,101B9,&quot;HTTP/1\.1\x20200\x20OK\r\nAccess-Control-Allow-Origin:\x20\*\r\nX-Content-Type-Options:\x20nosniff\r\nX-Frame-Options:\x20SAMEORIGIN\r\nFeature-Policy:\x20payment\x20&apos;self&apos;\r\nX-Recruiting:\x20/#/jobs\r\nAccept-Ranges:\x20bytes\r\nCache-Control:\x20public,\x20max-age=0\r\nLast-Modified:\x20Tue,\x2030\x20Sep\x202025\x2017:28:29\x20GMT\r\nETag:\x20W/\&quot;124fa-1999bab29f2\&quot;\r\nContent-Type:\x20text/html;\x20charset=UTF-8\r\nContent-Length:\x2075002\r\nVary:\x20Accept-Encoding\r\nDate:\x20Tue,\x2030\x20Sep\x202025\x2017:38:57\x20GMT\r\nConnection:\x20close\r\n\r\n&lt;!-&#45;\n\x20\x20~\x20Copyright\x20\(c\)\x202014-2025\x20Bjoern\x20Kimminich\x20&amp;\x20the\x20OWASP\x20Juice\x20Shop\x20contributors\.\n\x20\x20~\x20SPDX-License-Identifier:\x20MIT\n\x20\x20-&#45;&gt;\n\n&lt;!doctype\x20html&gt;\n&lt;html\x20lang=\&quot;en\&quot;\x20data-beasties-container&gt;\n&lt;head&gt;\n\x20\x20&lt;meta\x20charset=\&quot;utf-8\&quot;&gt;\n\x20\x20&lt;title&gt;OWASP\x20Juice\x20Shop&lt;/title&gt;\n\x20\x20&lt;meta\x20name=\&quot;description\&quot;\x20content=\&quot;Probably\x20the\x20most\x20modern\x20and\x20sophisticated\x20insecure\x20web\x20application\&quot;&gt;\n\x20\x20&lt;meta\x20name=\&quot;viewport\&quot;\x20content=\&quot;width=device-width,\x20initial-scale=1\&quot;&gt;\n\x20\x20&lt;link\x20id=\&quot;favicon\&quot;\x20rel=\&quot;icon\&quot;\x20&quot;)%r(Help,2F,&quot;HTTP/1\.1\x20400\x20Bad\x20Request\r\nConnection:\x20close\r\n\r\n&quot;)%r(NCP,2F,&quot;HTTP/1\.1\x20400\x20Bad\x20Request\r\nConnection:\x20close\r\n\r\n&quot;)%r(HTTPOptions,EA,&quot;HTTP/1\.1\x20204\x20No\x20Content\r\nAccess-Control-Allow-Origin:\x20\*\r\nAccess-Control-Allow-Methods:\x20GET,HEAD,PUT,PATCH,POST,DELETE\r\nVary:\x20Access-Control-Request-Headers\r\nContent-Length:\x200\r\nDate:\x20Tue,\x2030\x20Sep\x202025\x2017:38:57\x20GMT\r\nConnection:\x20close\r\n\r\n&quot;)%r(RTSPRequest,EA,&quot;HTTP/1\.1\x20204\x20No\x20Content\r\nAccess-Control-Allow-Origin:\x20\*\r\nAccess-Control-Allow-Methods:\x20GET,HEAD,PUT,PATCH,POST,DELETE\r\nVary:\x20Access-Control-Request-Headers\r\nContent-Length:\x200\r\nDate:\x20Tue,\x2030\x20Sep\x202025\x2017:38:57\x20GMT\r\nConnection:\x20close\r\n\r\n&quot;);" method="table" conf="3"/></port>
<port protocol="tcp" portid="8080"><state state="open" reason="syn-ack" reason_ttl="64"/><service name="http" product="Apache httpd" version="2.4.25" extrainfo="(Debian)" method="probed" conf="10"><cpe>cpe:/a:apache:http_server:2.4.25</cpe></service></port>
<port protocol="tcp" portid="8081"><state state="open" reason="syn-ack" reason_ttl="64"/><service name="blackice-icecap" method="table" conf="3"/></port>
</ports>
<times srtt="11" rttvar="0" to="100000"/>
</host>
<runstats><finished time="1759254096" timestr="Tue Sep 30 17:41:36 2025" summary="Nmap done at Tue Sep 30 17:41:36 2025; 1 IP address (1 host up) scanned in 170.72 seconds" elapsed="170.72" exit="success"/><hosts up="1" down="0" total="1"/>
</runstats>
</nmaprun>
