<?xml version="1.0" encoding="UTF-8"?>
<!DOCTYPE nmaprun>
<?xml-stylesheet href="file:///usr/bin/../share/nmap/nmap.xsl" type="text/xsl"?>
<!-- Nmap 7.95 scan initiated Tue Sep 30 18:30:22 2025 as: nmap -n -Pn -T4 -F -sV -&#45;version-light -&#45;host-timeout 20s -oX /app/uploads/nmap_195.168.0.1_20250930T183022.xml 195.168.0.1 -->
<nmaprun scanner="nmap" args="nmap -n -Pn -T4 -F -sV -&#45;version-light -&#45;host-timeout 20s -oX /app/uploads/nmap_195.168.0.1_20250930T183022.xml 195.168.0.1" start="1759257022" startstr="Tue Sep 30 18:30:22 2025" version="7.95" xmloutputversion="1.05">
<scaninfo type="syn" protocol="tcp" numservices="100" services="7,9,13,21-23,25-26,37,53,79-81,88,106,110-111,113,119,135,139,143-144,179,199,389,427,443-445,465,513-515,543-544,548,554,587,631,646,873,990,993,995,1025-1029,1110,1433,1720,1723,1755,1900,2000-2001,2049,2121,2717,3000,3128,3306,3389,3986,4899,5000,5009,5051,5060,5101,5190,5357,5432,5631,5666,5800,5900,6000-6001,6646,7070,8000,8008-8009,8080-8081,8443,8888,9100,9999-10000,32768,49152-49157"/>
<verbose level="0"/>
<debugging level="0"/>
<host starttime="1759257022" endtime="1759257045" timedout="true"><status state="up" reason="user-set" reason_ttl="0"/>
<address addr="195.168.0.1" addrtype="ipv4"/>
<hostnames>
</hostnames>
<times srtt="146847" rttvar="3386" to="160391"/>
</host>
<runstats><finished time="1759257045" timestr="Tue Sep 30 18:30:45 2025" summary="Nmap done at Tue Sep 30 18:30:45 2025; 1 IP address (1 host up) scanned in 23.52 seconds" elapsed="23.52" exit="success"/><hosts up="1" down="0" total="1"/>
</runstats>
</nmaprun>
