<?xml version="1.0" encoding="UTF-8"?>
<!DOCTYPE nmaprun>
<?xml-stylesheet href="file:///usr/bin/../share/nmap/nmap.xsl" type="text/xsl"?>
<!-- Nmap 7.95 scan initiated Sat Oct  4 20:28:35 2025 as: nmap -n -Pn -T4 -F -sV -&#45;version-light -&#45;host-timeout 20s -oX /app/uploads/nmap_65.61.137.117_20251004T202834.xml 65.61.137.117 -->
<nmaprun scanner="nmap" args="nmap -n -Pn -T4 -F -sV -&#45;version-light -&#45;host-timeout 20s -oX /app/uploads/nmap_65.61.137.117_20251004T202834.xml 65.61.137.117" start="1759609715" startstr="Sat Oct  4 20:28:35 2025" version="7.95" xmloutputversion="1.05">
<scaninfo type="syn" protocol="tcp" numservices="100" services="7,9,13,21-23,25-26,37,53,79-81,88,106,110-111,113,119,135,139,143-144,179,199,389,427,443-445,465,513-515,543-544,548,554,587,631,646,873,990,993,995,1025-1029,1110,1433,1720,1723,1755,1900,2000-2001,2049,2121,2717,3000,3128,3306,3389,3986,4899,5000,5009,5051,5060,5101,5190,5357,5432,5631,5666,5800,5900,6000-6001,6646,7070,8000,8008-8009,8080-8081,8443,8888,9100,9999-10000,32768,49152-49157"/>
<verbose level="0"/>
<debugging level="0"/>
<host starttime="1759609715" endtime="1759609728"><status state="up" reason="user-set" reason_ttl="0"/>
<address addr="65.61.137.117" addrtype="ipv4"/>
<hostnames>
</hostnames>
<ports><extraports state="filtered" count="97">
<extrareasons reason="no-response" count="97" proto="tcp" ports="7,9,13,21-23,25-26,37,53,79,81,88,106,110-111,113,119,135,139,143-144,179,199,389,427,444-445,465,513-515,543-544,548,554,587,631,646,873,990,993,995,1025-1029,1110,1433,1720,1723,1755,1900,2000-2001,2049,2121,2717,3000,3128,3306,3389,3986,4899,5000,5009,5051,5060,5101,5190,5357,5432,5631,5666,5800,5900,6000-6001,6646,7070,8000,8008-8009,8081,8443,8888,9100,9999-10000,32768,49152-49157"/>
</extraports>
<port protocol="tcp" portid="80"><state state="open" reason="syn-ack" reason_ttl="63"/><service name="http" product="Apache Tomcat/Coyote JSP engine" version="1.1" method="probed" conf="10"><cpe>cpe:/a:apache:coyote_http_connector:1.1</cpe></service></port>
<port protocol="tcp" portid="443"><state state="open" reason="syn-ack" reason_ttl="63"/><service name="https" tunnel="ssl" method="table" conf="3"/></port>
<port protocol="tcp" portid="8080"><state state="open" reason="syn-ack" reason_ttl="63"/><service name="http" product="Apache Tomcat/Coyote JSP engine" version="1.1" method="probed" conf="10"><cpe>cpe:/a:apache:coyote_http_connector:1.1</cpe></service></port>
</ports>
<times srtt="130822" rttvar="81686" to="457566"/>
</host>
<runstats><finished time="1759609728" timestr="Sat Oct  4 20:28:48 2025" summary="Nmap done at Sat Oct  4 20:28:48 2025; 1 IP address (1 host up) scanned in 13.30 seconds" elapsed="13.30" exit="success"/><hosts up="1" down="0" total="1"/>
</runstats>
</nmaprun>
