<?xml version="1.0" encoding="UTF-8"?>
<!DOCTYPE nmaprun>
<?xml-stylesheet href="file:///usr/share/nmap/nmap.xsl" type="text/xsl"?>
<!-- Nmap 7.95 scan initiated Mon Sep 29 14:50:39 2025 as: /usr/lib/nmap/nmap -&#45;privileged -F -&#45;version-light -T4 -Pn -oX uploads/run_127.0.0.1_20250929_195039.xml 127.0.0.1 -->
<nmaprun scanner="nmap" args="/usr/lib/nmap/nmap -&#45;privileged -F -&#45;version-light -T4 -Pn -oX uploads/run_127.0.0.1_20250929_195039.xml 127.0.0.1" start="1759175439" startstr="Mon Sep 29 14:50:39 2025" version="7.95" xmloutputversion="1.05">
<scaninfo type="syn" protocol="tcp" numservices="100" services="7,9,13,21-23,25-26,37,53,79-81,88,106,110-111,113,119,135,139,143-144,179,199,389,427,443-445,465,513-515,543-544,548,554,587,631,646,873,990,993,995,1025-1029,1110,1433,1720,1723,1755,1900,2000-2001,2049,2121,2717,3000,3128,3306,3389,3986,4899,5000,5009,5051,5060,5101,5190,5357,5432,5631,5666,5800,5900,6000-6001,6646,7070,8000,8008-8009,8080-8081,8443,8888,9100,9999-10000,32768,49152-49157"/>
<verbose level="0"/>
<debugging level="0"/>
<host starttime="1759175439" endtime="1759175439"><status state="up" reason="user-set" reason_ttl="0"/>
<address addr="127.0.0.1" addrtype="ipv4"/>
<hostnames>
<hostname name="localhost" type="PTR"/>
</hostnames>
<ports><extraports state="closed" count="98">
<extrareasons reason="reset" count="98" proto="tcp" ports="7,9,13,21-23,25-26,37,53,79-81,88,106,110-111,113,119,135,139,143-144,179,199,389,427,443-445,465,513-515,543-544,548,554,587,631,646,873,990,993,995,1025-1029,1110,1433,1720,1723,1755,1900,2000-2001,2049,2121,2717,3000,3128,3306,3389,3986,4899,5000,5009,5051,5060,5101,5190,5357,5432,5631,5666,5800,5900,6000-6001,6646,7070,8008-8009,8080,8443,8888,9100,9999-10000,32768,49152-49157"/>
</extraports>
<port protocol="tcp" portid="8000"><state state="open" reason="syn-ack" reason_ttl="64"/><service name="http-alt" method="table" conf="3"/></port>
<port protocol="tcp" portid="8081"><state state="open" reason="syn-ack" reason_ttl="64"/><service name="blackice-icecap" method="table" conf="3"/></port>
</ports>
<times srtt="38" rttvar="10" to="100000"/>
</host>
<runstats><finished time="1759175439" timestr="Mon Sep 29 14:50:39 2025" summary="Nmap done at Mon Sep 29 14:50:39 2025; 1 IP address (1 host up) scanned in 0.20 seconds" elapsed="0.20" exit="success"/><hosts up="1" down="0" total="1"/>
</runstats>
</nmaprun>
